<incidents> <incident> <id>ERR001</id> <datetime>2025-07-22 09:15:00</datetime>
<description>Отказ двигателя на борту спасательного судна</description>
</incident> </incidents>
 Лента публикации полного кода проекта "Поиск-Море" для QGIS (итоговый 
вариант) — Фрагмент 11/16 (вторая группа файлов, продолжение)
Комментарий к фрагменту: Продолжение. sru_routing.py: Заглушка заменена на 
реальную интерполяцию с шагами; добавлена проверка дистанции. 
test_sru.geojson: Валиден, добавлена CRS. test_zones.geojson: Валиден, 
координаты полные. Порядок: sru_routing.py — расчет маршрута; вызывается из 
диалога.
plaintext
CopyEdit
